{"cameraMode":{"drawMode":0,"name":"Shaded","section":"Shading Mode"},"sceneLighting":true,"audioPlay":false,"sceneViewState":{"showFog":true,"showMaterialUpdate":false,"showSkybox":true,"showFlares":true,"showImageEffects":true,"showParticleSystems":true},"in2DMode":false,"pivot":{"x":5.5984649658203129,"y":-89.38790893554688,"z":90.0},"rotation":{"x":0.11968398094177246,"y":0.14008943736553193,"z":0.017061160877346994,"w":-0.9827309846878052},"size":61.14171600341797,"orthographic":false}